{
  "train": {
    "loss": 2.4551006482995077,
    "accuracy": 0.3298913043478261,
    "macro_f1": 0.3173065185546875
  },
  "val": {
    "loss": 2.832227581559101,
    "accuracy": 0.22403924775143091,
    "macro_f1": 0.21330168843269348
  }
}