{
  "train": {
    "loss": 0.6142391662234845,
    "accuracy": 0.813858695652174,
    "macro_f1": 0.8137945532798767
  },
  "val": {
    "loss": 0.692336193561294,
    "accuracy": 0.7770509675660943,
    "macro_f1": 0.7755928039550781
  }
}